{"argp": [-180.0, -165.0, -150.0, -135.0, -120.0, -105.0, -90.0, -75.0, -60.0, -45.0, -30.0, -15.0, 0.0, 15.0, 30.0, 45.0, 60.0, 75.0, 90.0, 105.0, 120.0, 135.0, 150.0, 165.0, 180.0], "ecc": [0.0, 0.005670538536167918, 0.011341077072335837, 0.017011615608503755, 0.022682154144671673, 0.028352692680839592, 0.03402323121700751, 0.03969376975317543, 0.04536430828934335, 0.051034846825511265, 0.056705385361679184, 0.0623759238978471, 0.06804646243401502, 0.07371700097018294, 0.07938753950635086, 0.08505807804251878, 0.0907286165786867, 0.09639915511485461, 0.10206969365102253, 0.10774023218719045, 0.11341077072335837, 0.11908130925952629, 0.1247518477956942, 0.13042238633186212, 0.13609292486803004], "inc": [-90.0, -45.0, 0.0, 45.0, 90.0], "raan": [-180.0, -90.0, 0.0, 90.0, 180.0], "anom": [180.7435161167169], "mot": [4000.0, 4625.0, 5250.0, 5875.0, 6500.0]}