{"argp": [-180.0, -90.0, 0.0, 90.0, 180.0], "ecc": [0.0, 0.005670538536167918, 0.011341077072335837, 0.017011615608503755, 0.022682154144671673, 0.028352692680839592, 0.03402323121700751, 0.03969376975317543, 0.04536430828934335, 0.051034846825511265, 0.056705385361679184, 0.0623759238978471, 0.06804646243401502, 0.07371700097018294, 0.07938753950635086, 0.08505807804251878, 0.0907286165786867, 0.09639915511485461, 0.10206969365102253, 0.10774023218719045, 0.11341077072335837, 0.11908130925952629, 0.1247518477956942, 0.13042238633186212, 0.13609292486803004], "inc": [-90.0, -45.0, 0.0, 45.0, 90.0], "raan": [-180.0, -90.0, 0.0, 90.0, 180.0], "anom": [180.7435161167169], "mot": [4000.0, 4104.166666666667, 4208.333333333333, 4312.5, 4416.666666666667, 4520.833333333333, 4625.0, 4729.166666666667, 4833.333333333333, 4937.5, 5041.666666666667, 5145.833333333334, 5250.0, 5354.166666666667, 5458.333333333334, 5562.5, 5666.666666666667, 5770.833333333334, 5875.0, 5979.166666666667, 6083.333333333334, 6187.5, 6291.666666666667, 6395.833333333334, 6500.0]}