{"argp": [-180.0, -90.0, 0.0, 90.0, 180.0], "ecc": [0.0, 0.03402323121700751, 0.06804646243401502, 0.10206969365102253, 0.13609292486803004], "inc": [-90.0, -82.5, -75.0, -67.5, -60.0, -52.5, -45.0, -37.5, -30.0, -22.5, -15.0, -7.5, 0.0, 7.5, 15.0, 22.5, 30.0, 37.5, 45.0, 52.5, 60.0, 67.5, 75.0, 82.5, 90.0], "raan": [-180.0, -90.0, 0.0, 90.0, 180.0], "anom": [180.7435161167169], "mot": [4000.0, 4104.166666666667, 4208.333333333333, 4312.5, 4416.666666666667, 4520.833333333333, 4625.0, 4729.166666666667, 4833.333333333333, 4937.5, 5041.666666666667, 5145.833333333334, 5250.0, 5354.166666666667, 5458.333333333334, 5562.5, 5666.666666666667, 5770.833333333334, 5875.0, 5979.166666666667, 6083.333333333334, 6187.5, 6291.666666666667, 6395.833333333334, 6500.0]}