{"argp": [104.65276881942849], "ecc": [0.004174995943378071], "inc": [59.8448205921545], "raan": [-180.0, -172.6530612244898, -165.30612244897958, -157.9591836734694, -150.6122448979592, -143.26530612244898, -135.91836734693877, -128.57142857142856, -121.22448979591837, -113.87755102040816, -106.53061224489795, -99.18367346938776, -91.83673469387755, -84.48979591836735, -77.14285714285714, -69.79591836734694, -62.44897959183673, -55.10204081632652, -47.755102040816325, -40.408163265306115, -33.061224489795904, -25.714285714285722, -18.367346938775512, -11.020408163265301, -3.673469387755091, 3.6734693877551194, 11.020408163265301, 18.367346938775512, 25.714285714285722, 33.06122448979593, 40.408163265306115, 47.755102040816325, 55.102040816326536, 62.448979591836746, 69.79591836734696, 77.14285714285717, 84.48979591836735, 91.83673469387753, 99.18367346938777, 106.53061224489795, 113.87755102040819, 121.22448979591837, 128.57142857142856, 135.9183673469388, 143.26530612244898, 150.61224489795921, 157.9591836734694, 165.30612244897958, 172.65306122448982, 180.0], "anom": [180.7435161167169], "mot": [4000.0, 4051.0204081632655, 4102.040816326531, 4153.061224489796, 4204.081632653061, 4255.102040816327, 4306.122448979592, 4357.142857142857, 4408.163265306122, 4459.183673469388, 4510.2040816326535, 4561.224489795918, 4612.244897959184, 4663.265306122449, 4714.285714285715, 4765.306122448979, 4816.326530612245, 4867.34693877551, 4918.367346938776, 4969.3877551020405, 5020.408163265306, 5071.428571428572, 5122.448979591837, 5173.469387755102, 5224.489795918367, 5275.510204081633, 5326.530612244898, 5377.551020408164, 5428.571428571428, 5479.591836734694, 5530.6122448979595, 5581.632653061224, 5632.65306122449, 5683.673469387755, 5734.693877551021, 5785.714285714286, 5836.734693877551, 5887.755102040816, 5938.775510204082, 5989.7959183673465, 6040.816326530612, 6091.836734693878, 6142.857142857143, 6193.877551020409, 6244.897959183674, 6295.918367346939, 6346.938775510204, 6397.959183673469, 6448.9795918367345, 6500.0]}