{"argp": [-180.0, -165.0, -150.0, -135.0, -120.0, -105.0, -90.0, -75.0, -60.0, -45.0, -30.0, -15.0, 0.0, 15.0, 30.0, 45.0, 60.0, 75.0, 90.0, 105.0, 120.0, 135.0, 150.0, 165.0, 180.0], "ecc": [0.0, 0.03402323121700751, 0.06804646243401502, 0.10206969365102253, 0.13609292486803004], "inc": [-90.0, -45.0, 0.0, 45.0, 90.0], "raan": [-180.0, -90.0, 0.0, 90.0, 180.0], "anom": [-180.0, -165.0, -150.0, -135.0, -120.0, -105.0, -90.0, -75.0, -60.0, -45.0, -30.0, -15.0, 0.0, 15.0, 30.0, 45.0, 60.0, 75.0, 90.0, 105.0, 120.0, 135.0, 150.0, 165.0, 180.0], "mot": [4000.0, 4625.0, 5250.0, 5875.0, 6500.0]}