{"argp": [-180.0, -90.0, 0.0, 90.0, 180.0], "ecc": [0.0, 0.03402323121700751, 0.06804646243401502, 0.10206969365102253, 0.13609292486803004], "inc": [-90.0, -82.5, -75.0, -67.5, -60.0, -52.5, -45.0, -37.5, -30.0, -22.5, -15.0, -7.5, 0.0, 7.5, 15.0, 22.5, 30.0, 37.5, 45.0, 52.5, 60.0, 67.5, 75.0, 82.5, 90.0], "raan": [-180.0, -165.0, -150.0, -135.0, -120.0, -105.0, -90.0, -75.0, -60.0, -45.0, -30.0, -15.0, 0.0, 15.0, 30.0, 45.0, 60.0, 75.0, 90.0, 105.0, 120.0, 135.0, 150.0, 165.0, 180.0], "anom": [180.7435161167169], "mot": [4000.0, 4625.0, 5250.0, 5875.0, 6500.0]}